Emp ID,Name Prefix,First Name,Middle Initial,Last Name,Gender
677509,Drs.,Lois,H,Walker,F
940761,Ms.,Brenda,S,Robinson,F
428945,Dr.,Joe,W,Robinson,M
408351,Drs.,Diane,I,Evans,F
193819,Mr.,Benjamin,R,Russell,M
499687,Mr.,Patrick,F,Bailey,M
539712,Ms.,Nancy,T,Baker,F
380086,Mrs.,Carol,V,Murphy,F
477616,Hon.,Frances,B,Young,F
162402,Hon.,Diana,T,Peterson,F
231469,Mr.,Ralph,L,Flores,M
153989,Prof.,Jack,C,Alexander,M
386158,Mrs.,Melissa,Q,King,F
301576,Hon.,Wayne,G,Watson,M
441771,Mrs.,Cheryl,O,Scott,F
528509,Hon.,Paula,G,Diaz,F
912990,Mr.,Joshua,T,Stewart,M
214352,Ms.,Theresa,G,Lee,F
890290,Hon.,Julia,S,Scott,F
622406,Mr.,Thomas,Q,Lewis,M
979607,Ms.,Carol,J,Edwards,F
969580,Prof.,Matthew,L,Turner,M
426038,Hon.,Joan,C,Stewart,F
388642,Mrs.,Ruby,R,Rogers,F
560455,Ms.,Carolyn,V,Hayes,F
477253,Mrs.,Anne,L,Russell,F
263480,Hon.,Daniel,K,Cooper,M
683826,Mr.,Roger,L,Roberts,M
474599,Drs.,Maria,W,Walker,F
335732,Ms.,Brenda,M,Butler,F
329752,Hon.,Lillian,X,Brown,F
893212,Ms.,Amy,B,Howard,F
621833,Mr.,Gregory,X,Edwards,M
456747,Mr.,Roy,Z,Griffin,M
278556,Prof.,Richard,Y,Mitchell,M
333476,Hon.,Mary,P,Wilson,F
218791,Mr.,Aaron,N,Price,M
134841,Ms.,Donna,R,Brown,F
726264,Hon.,Carl,N,Collins,M
766610,Ms.,Joyce,E,Jenkins,F
923947,Ms.,Mary,G,Bryant,F
227922,Hon.,Amanda,M,Hughes,F
265813,Hon.,Jack,E,Campbell,M
247137,Mr.,Alan,E,Rivera,M
407061,Ms.,Elizabeth,Q,Jackson,F
226714,Drs.,Nancy,L,Davis,F
702813,Mr.,Ernest,D,Martinez,M
524896,Ms.,Judy,Y,Hernandez,F
363065,Drs.,Nancy,L,Jones,F
879753,Mrs.,Pamela,X,Wright,F
958326,Mr.,Larry,T,Miller,M
447813,Mrs.,Ann,Q,Coleman,F
525955,Drs.,Judy,C,Gonzales,F
818384,Mr.,Peter,X,Washington,M
971640,Prof.,Clarence,A,Ross,M
253573,Ms.,Sharon,E,Lopez,F
904898,Drs.,Ann,Q,Cooper,F
515103,Ms.,Anne,A,Perez,F
491943,Mrs.,Nancy,P,Howard,F
750173,Mr.,Antonio,R,Roberts,M
687017,Ms.,Frances,P,Watson,F
241882,Ms.,Debra,G,Wood,F
758872,Mr.,Henry,Y,Jenkins,M
940922,Hon.,Melissa,X,Butler,F
917937,Mr.,Todd,H,Hall,M
917395,Hon.,Christopher,D,Nelson,M
183071,Drs.,Andrea,P,Garcia,F
316110,Mr.,Jeremy,I,Sanchez,M
293459,Mr.,Steven,J,Phillips,M
732017,Ms.,Cynthia,J,Ramirez,F
915638,Dr.,Jason,W,Anderson,M
478003,Hon.,Cynthia,X,White,F
951225,Ms.,Margaret,N,Brooks,F
883936,Mr.,Douglas,I,Flores,M
528673,Hon.,Paul,V,Watson,M
765850,Mrs.,Linda,R,Moore,F
262382,Ms.,Cheryl,O,Miller,F
870820,Ms.,Martha,G,Washington,F
806955,Mr.,William,G,Hernandez,M
325319,Hon.,Carolyn,F,Price,F
623253,Mrs.,Ruby,Q,Stewart,F
225925,Mr.,Paul,D,Cooper,M
761821,Mr.,Ernest,G,Washington,M
400173,Ms.,Dorothy,K,Edwards,F
802554,Mr.,Ryan,V,Alexander,M
476433,Ms.,Lillian,N,Mitchell,F
533952,Ms.,Kelly,R,Adams,F
623929,Prof.,Jimmy,R,Howard,M
844177,Ms.,Margaret,T,Allen,F
212893,Ms.,Janet,Y,Henderson,F
185032,Mr.,Eugene,D,Perez,M
867084,Ms.,Deborah,E,Smith,F
969964,Hon.,Janice,S,Parker,F
158666,Ms.,Rebecca,A,Stewart,F
489424,Dr.,Phillip,F,White,M
639892,Mr.,Jose,K,Hill,M
704709,Dr.,Harold,Z,Nelson,M
461593,Ms.,Nicole,O,Ward,F
392491,Mrs.,Theresa,R,Murphy,F
495141,Drs.,Tammy,B,Young,F
